日期,人数
2019/1/1,23
2019/1/2,24
2019/1/3,25
2019/1/4,26
2019/1/5,27
2019/1/6,28
2019/1/7,29
2019/1/8,30
2019/1/9,31
2019/1/10,32
2019/1/11,33
2019/1/12,34
2019/1/13,35
2019/1/14,36
2019/1/15,37
2019/1/16,38
2019/1/17,39
2019/1/18,40
2019/1/19,41
2019/1/20,42
2019/1/21,43
2019/1/22,44
2019/1/23,45
2019/1/24,46
2019/1/25,47
2019/1/26,48
2019/1/27,49
2019/1/28,50
2019/1/29,51
2019/1/30,52
2019/1/31,53
2019/2/1,54
2019/2/2,55
2019/2/3,56
2019/2/4,57
2019/2/5,58
2019/2/6,59
2019/2/7,60
2019/2/8,61
2019/2/9,62
2019/2/10,63
2019/2/11,64
2019/2/12,65
2019/2/13,66
2019/2/14,67
2019/2/15,68
2019/2/16,69
2019/2/17,70
2019/2/18,71
2019/2/19,72
2019/2/20,73
2019/2/21,74
2019/2/22,75
2019/2/23,76
2019/2/24,77
2019/2/25,78
2019/2/26,79
2019/2/27,80
2019/2/28,81
2019/3/1,82
2019/3/2,83
2019/3/3,84
2019/3/4,85
2019/3/5,86
2019/3/6,87
2019/3/7,88
2019/3/8,89
2019/3/9,90
2019/3/10,91
2019/3/11,92
2019/3/12,93
2019/3/13,94
2019/3/14,95
2019/3/15,96
2019/3/16,97
2019/3/17,98
2019/3/18,99
2019/3/19,100
2019/3/20,101
2019/3/21,102
2019/3/22,103
2019/3/23,104
2019/3/24,105
2019/3/25,106
2019/3/26,107
2019/3/27,108
2019/3/28,109
2019/3/29,110
2019/3/30,111
2019/3/31,112
2019/4/1,113
2019/4/2,114
2019/4/3,115
2019/4/4,116
2019/4/5,117
2019/4/6,118
2019/4/7,119
2019/4/8,120
2019/4/9,121
2019/4/10,122
2019/4/11,123
2019/4/12,124
2019/4/13,125
2019/4/14,126
2019/4/15,127
2019/4/16,128
2019/4/17,129
2019/4/18,130
2019/4/19,131
2019/4/20,132
2019/4/21,133
2019/4/22,134
2019/4/23,135
2019/4/24,136
2019/4/25,137
2019/4/26,138
2019/4/27,139
2019/4/28,140
2019/4/29,141
2019/4/30,142
2019/5/1,143
2019/5/2,144
2019/5/3,145
2019/5/4,146
2019/5/5,147
2019/5/6,148
2019/5/7,149
2019/5/8,150
2019/5/9,151
2019/5/10,152
2019/5/11,153
2019/5/12,154
2019/5/13,155
2019/5/14,156
2019/5/15,157
2019/5/16,158
2019/5/17,159
2019/5/18,160
2019/5/19,161
2019/5/20,162
2019/5/21,163
2019/5/22,164
2019/5/23,165
2019/5/24,166
2019/5/25,167
2019/5/26,168
2019/5/27,169
2019/5/28,170
2019/5/29,171
2019/5/30,172
2019/5/31,173
2019/6/1,174
2019/6/2,175
2019/6/3,176
2019/6/4,177
2019/6/5,178
2019/6/6,179
2019/6/7,180
2019/6/8,181
2019/6/9,182
2019/6/10,183
2019/6/11,184
2019/6/12,185
2019/6/13,186
2019/6/14,187
2019/6/15,188
2019/6/16,189
2019/6/17,190
2019/6/18,191
2019/6/19,192
2019/6/20,193
2019/6/21,194
2019/6/22,195
2019/6/23,196
2019/6/24,197
2019/6/25,198
2019/6/26,199
2019/6/27,200
2019/6/28,201
2019/6/29,202
2019/6/30,203
2019/7/1,204
2019/7/2,205
2019/7/3,206
2019/7/4,207
2019/7/5,208
2019/7/6,209
2019/7/7,210
2019/7/8,211
2019/7/9,212
2019/7/10,213
2019/7/11,214
2019/7/12,215
2019/7/13,216
2019/7/14,217
2019/7/15,218
2019/7/16,219
2019/7/17,220
2019/7/18,221
2019/7/19,222
2019/7/20,223
2019/7/21,224
2019/7/22,225
2019/7/23,226
2019/7/24,227
2019/7/25,228
2019/7/26,229
2019/7/27,230
2019/7/28,231
2019/7/29,232
2019/7/30,233
2019/7/31,234
2019/8/1,235
2019/8/2,236
2019/8/3,237
2019/8/4,238
2019/8/5,239
2019/8/6,240
2019/8/7,241
2019/8/8,242
2019/8/9,243
2019/8/10,244
2019/8/11,245
2019/8/12,246
2019/8/13,247
2019/8/14,248
2019/8/15,249
2019/8/16,250
2019/8/17,251
2019/8/18,252
2019/8/19,253
2019/8/20,254
2019/8/21,255
2019/8/22,256
2019/8/23,257
2019/8/24,258
2019/8/25,259
2019/8/26,260
2019/8/27,261
2019/8/28,262
2019/8/29,263
2019/8/30,264
2019/8/31,265
2019/9/1,266
2019/9/2,267
2019/9/3,268
2019/9/4,269
2019/9/5,270
2019/9/6,271
2019/9/7,272
2019/9/8,273
2019/9/9,274
2019/9/10,275
2019/9/11,276
2019/9/12,277
2019/9/13,278
2019/9/14,279
2019/9/15,280
2019/9/16,281
2019/9/17,282
2019/9/18,283
2019/9/19,284
2019/9/20,285
2019/9/21,286
2019/9/22,287
2019/9/23,288
2019/9/24,289
2019/9/25,290
2019/9/26,291
2019/9/27,292
2019/9/28,293
2019/9/29,294
2019/9/30,295
2019/10/1,296
2019/10/2,297
2019/10/3,298
2019/10/4,299
2019/10/5,300
2019/10/6,301
2019/10/7,302
2019/10/8,303
2019/10/9,304
2019/10/10,305
2019/10/11,306
2019/10/12,307
2019/10/13,308
2019/10/14,309
2019/10/15,310
2019/10/16,311
2019/10/17,312
2019/10/18,313
2019/10/19,314
2019/10/20,315
2019/10/21,316
2019/10/22,317
2019/10/23,318
2019/10/24,319
2019/10/25,320
2019/10/26,321
2019/10/27,322
2019/10/28,323
2019/10/29,324
2019/10/30,325
2019/10/31,326
2019/11/1,327
2019/11/2,328
2019/11/3,329
2019/11/4,330
2019/11/5,331
2019/11/6,332
2019/11/7,333
2019/11/8,334
2019/11/9,335
2019/11/10,336
2019/11/11,337
2019/11/12,338
2019/11/13,339
2019/11/14,340
2019/11/15,341
2019/11/16,342
2019/11/17,343
2019/11/18,344
2019/11/19,345
2019/11/20,346
2019/11/21,347
2019/11/22,348
2019/11/23,349
2019/11/24,350
2019/11/25,351
2019/11/26,352
2019/11/27,353
2019/11/28,354
2019/11/29,355
2019/11/30,356
2019/12/1,357
2019/12/2,358
2019/12/3,359
2019/12/4,360
2019/12/5,361
2019/12/6,362
2019/12/7,363
2019/12/8,364
2019/12/9,365
2019/12/10,366
2019/12/11,367
2019/12/12,368
2019/12/13,369
2019/12/14,370
2019/12/15,371
2019/12/16,372
2019/12/17,373
2019/12/18,374
2019/12/19,375
2019/12/20,376
2019/12/21,377
2019/12/22,378
2019/12/23,379
2019/12/24,380
2019/12/25,381
2019/12/26,382
2019/12/27,383
2019/12/28,384
2019/12/29,385
2019/12/30,386
2019/12/31,387
2020/1/1,388
2020/1/2,389
2020/1/3,390
2020/1/4,391
